{
    "d": [{

            "title": "Settings",
            "icon1": "bower_components/material-design-icons/action/svg/production/ic_settings_24px.svg",
            "icon":"ion-settings"
        }, {

            "title": "Save",
            "icon1": "bower_components/material-design-icons/content/svg/production/ic_save_24px.svg",
            "icon":"ion-archive"
        },

        {

            "title": "Theme",
            "icon1": "bower_components/material-design-icons/editor/svg/production/ic_format_color_fill_24px.svg",
            "icon":"ion-paintbrush"
        }, {

            "title": "Share",
            "icon1": "bower_components/material-design-icons/social/svg/production/ic_share_24px.svg",
            "icon":"ion-share"
        }, {

            "title": "Export",
            "icon1": "bower_components/material-design-icons/file/svg/production/ic_file_download_24px.svg",
            "icon":"ion-paper-airplane"
        }, {

            "title": "TV Mode",
            "icon1": "bower_components/material-design-icons/hardware/svg/production/ic_tv_24px.svg",
            "icon": "ion-monitor"
        }, {

            "title": "Help",
            "icon1": "bower_components/material-design-icons/action/svg/production/ic_help_24px.svg",
            "icon": "ion-help"
        }, {

            "title": "Grid",
            "icon1": "bower_components/material-design-icons/action/svg/production/ic_input_24px.svg",
            "icon": "ion-grid"
        }, 
      

        {

            "title": "Logout",
            "icon1": "bower_components/material-design-icons/action/svg/production/ic_input_24px.svg",
            "icon": "ion-toggle-filled"
        }

    ]
}
